Model,precision-0,recall-0,f1-0,precision-1,recall-1,f1-1,accuracy,macro f1-score
BERT_100_0.0003_10_3_8_BINARY_SGD_TRAIN,0.5664739884393064,0.1291172595520421,0.2103004291845494,0.0015105740181268,0.0131578947368421,0.002710027100271,0.118562874251497,0.1065052281424101
BERT_50_0.0003_10_3_8_CATEGORY_SGD_DATA_GENERATED_FROM_OTHER_TEMPLATES,0.9089820359281438,1.0,0.9523212045169386,0.0,0.0,0.0,0.9089820359281438,0.4761606022584693
BERT_50_0.0003_10_3_8_CATEGORY_SGD_BALANCED_TRAIN+OTHER_TEMPLATES,0.71900826446281,0.22924901185770752,0.34765234765234765,0.013490725126475547,0.10526315789473684,0.023916292974588936,0.2179640718562874,0.18578432031346828
