Model,precision-0,recall-0,f1-0,precision-1,recall-1,f1-1,accuracy,macro f1-score
BERT_100_0.0003_10_3_8_BINARY_SGD_TRAIN,0.5664739884393064,0.12911725955204217,0.2103004291845494,0.0015105740181268882,0.013157894736842105,0.0027100271002710027,0.118562874251497,0.10650522814241019
