Model,precision-0,recall-0,f1-0,precision-1,recall-1,f1-1,accuracy,macro f1-score
BERT_100_0.0003_10_3_8_BINARY_SGD_TRAIN,0.5664739884393064,0.1291172595520421,0.2103004291845494,0.0015105740181268,0.0131578947368421,0.002710027100271,0.118562874251497,0.1065052281424101
BERT_50_0.0003_10_3_8_CATEGORY_SGD_DATA_GENERATED_FROM_OTHER_TEMPLATES,0.9089820359281438,1.0,0.9523212045169386,0.0,0.0,0.0,0.9089820359281438,0.4761606022584693
BERT_50_0.0003_10_3_8_CATEGORY_SGD_BALANCED_TRAIN+OTHER_TEMPLATES,0.71900826446281,0.2292490118577075,0.3476523476523476,0.0134907251264755,0.1052631578947368,0.0239162929745889,0.2179640718562874,0.1857843203134682
BERT_50_0.0003_10_3_8_CATEGORY_SGD_LABEL_TEMPLATE_BALANCED_TRAIN,0.5316455696202531,0.1106719367588932,0.1832061068702289,0.0029542097488921,0.0263157894736842,0.0053120849933598,0.1029940119760479,0.0942590959317944
BERT_50_0.0003_10_3_8_CATEGORY_SGD_LABEL_TEMPLATE_BALANCED_TRAIN,0.5032679738562091,0.1014492753623188,0.168859649122807,0.0,0.0,0.0,0.0922155688622754,0.0844298245614035
BERT_50_0.0003_10_3_8_CATEGORY_SGD_BALANCED_TRAIN+OTHER_TEMPLATES,0.7164179104477612,0.1897233201581027,0.2999999999999999,0.029968454258675,0.25,0.0535211267605633,0.1952095808383233,0.1767605633802816
BERT_50_0.0003_10_3_8_CATEGORY_SGD_BALANCED_TRAIN+OTHER_TEMPLATES_LARGE,0.7101449275362319,0.19367588932806323,0.30434782608695654,0.025477707006369428,0.21052631578947367,0.04545454545454546,0.19520958083832335,0.174901185770751
