epoch,accuracy,loss,val_accuracy,val_loss
0,0.5757142901420593,0.6907740235328674,0.5,0.7413792014122009
1,0.5708571672439575,0.6897866129875183,0.5,0.7326100468635559
