Model,precision-0,recall-0,f1-0,precision-1,recall-1,f1-1,accuracy,macro f1-score
BERT_15_0.0003_10_3_8_BINARY_SGD_LABEL_BALANCED_TRAIN,0.7610062893081762,0.3188405797101449,0.4493964716805942,0.0,0.0,0.0,0.2898203592814371,0.2246982358402971
BERT_15_0.0003_10_3_8_BINARY_SGD_LABEL_BALANCED_TRAIN,0.7610062893081762,0.3188405797101449,0.4493964716805942,0.0,0.0,0.0,0.2898203592814371,0.2246982358402971
BERT_15_0.0003_10_3_8_BINARY_SGD_LABEL_BALANCED_TRAIN,0.7610062893081762,0.3188405797101449,0.4493964716805942,0.0,0.0,0.0,0.2898203592814371,0.2246982358402971
BERT_15_0.0003_10_3_8_BINARY_SGD_LABEL_BALANCED_TRAIN,0.5238095238095238,0.10144927536231883,0.16997792494481234,0.008720930232558141,0.07894736842105263,0.015706806282722512,0.09940119760479042,0.09284236561376744
BERT_15_0.0003_10_3_8_BINARY_SGD_LABEL_BALANCED_TRAIN,0.5238095238095238,0.10144927536231883,0.16997792494481234,0.008720930232558141,0.07894736842105263,0.015706806282722512,0.09940119760479042,0.09284236561376744
BERT_15_0.0003_10_3_8_BINARY_SGD_LABEL_BALANCED_TRAIN,0.5238095238095238,0.10144927536231885,0.16997792494481237,0.00872093023255814,0.07894736842105263,0.015706806282722512,0.09940119760479042,0.09284236561376744
